time,high,low
2015-02-09,0.9748310981063408,
2015-02-10,0.968347423720377,
2015-02-11,0.9678765228226566,
2015-02-12,0.9551786065081764,
2015-02-13,0.9508723067850089,
2015-04-16,0.9577031003250155,
2015-04-17,0.9787294905281768,
2015-04-20,1.047635373595177,
2015-04-21,1.0446160511035043,
2015-04-22,1.015551137229772,
2015-04-23,1.0327398290117473,
2015-04-24,0.9996996173272295,
2015-04-27,0.9847905796859182,
2015-04-28,0.9849813600425836,
2015-04-29,0.9989496804984505,
2015-04-30,1.0010218380393359,
2015-05-04,0.9900023159257673,
2015-05-05,1.0059218815876065,
2015-05-06,1.0329084116908323,
2015-05-07,1.048448888790631,
2015-05-08,1.0305377587070175,
2015-05-11,1.0068442646378768,
2015-05-12,1.020241014686246,
2015-05-13,1.0056780758867832,
2015-05-14,1.000427776199665,
2015-05-15,0.9944273924581091,
2015-05-18,0.994319832350906,
2015-05-19,1.003706339615145,
2015-05-20,1.0025056226558617,
2015-05-21,1.0416706804444136,
2015-05-22,1.0490496186627931,
2015-05-25,1.0241943214878082,
2015-05-26,0.9987307397030598,
2015-05-27,1.0126844262299535,
2015-05-28,1.02103406542202,
2015-05-29,0.9987863765776556,
2015-06-01,0.9653723456185918,
2015-06-02,0.9559168115386846,
2015-06-03,0.933436343768835,
2015-06-04,0.9099524406492681,
2015-06-05,0.9243327910510588,
2015-06-08,0.9124169874599632,
2015-06-09,0.9204414072608011,
2015-06-10,0.9176429493981618,
2015-06-11,0.9321336339595326,
2015-06-12,0.9354208744260646,
2015-06-15,0.9403669514318926,
2015-06-16,0.9305308316477199,
2015-06-17,0.9307090646966362,
2015-06-18,0.9556430203604721,
2015-06-19,0.9881940074893788,
2015-06-23,1.0012327649000852,
2015-06-24,1.0033800007353793,
2015-06-25,1.0479199141021873,
2015-06-26,1.0995699491238664,
2015-06-29,1.0710434415273724,
2015-06-30,1.1231001996564682,
2015-07-01,1.1727468598987008,
2015-07-02,1.1923458418645776,
2015-07-03,1.1764435560464035,
2015-07-06,1.1549552532437681,
2015-07-07,1.200930265552323,
2015-07-08,1.222359983840848,
2015-07-09,1.1904112541521483,
2015-07-10,1.1272856485431577,
2015-07-13,1.118722591605635,
2015-07-14,1.1674462248563184,
2015-07-15,1.1598585484646997,
2015-07-16,1.1317671041985764,
2015-07-17,1.1149413114320545,
2015-07-20,1.0979722333046265,
2015-07-21,1.0799473251919907,
2015-07-22,1.0664734117896244,
2015-07-23,1.08371803720694,
2015-07-24,1.0972435270815215,
2015-07-27,1.120531796163481,
2015-07-28,1.0948255673335163,
2015-07-29,1.118392517354031,
2015-07-30,1.1222709665075619,
2015-07-31,1.1319343410632425,
2015-08-03,1.1085276502130312,
2015-08-04,1.1087598633823483,
2015-08-05,1.108052849191339,
2015-08-06,1.0959275190554643,
2015-08-07,1.071791203439932,
2015-08-10,1.0693648595645198,
2015-08-11,1.0767917205602777,
2015-08-12,1.0610679886732002,
2015-08-13,1.0637164584176528,
2015-08-14,1.0453943811080169,
2015-08-17,1.0865483107088008,
2015-08-18,1.0720201334889483,
2015-08-19,1.0751090548023379,
2015-08-20,1.0810940884796314,
2015-08-21,1.0893355121942636,
2015-08-24,1.2060596255162284,
2015-08-25,1.2570132891492827,
2015-08-26,1.2625238956028633,
2015-08-27,1.183311345271525,
2015-08-28,1.1896733298553415,
2015-08-31,1.1857908631895218,
2015-09-01,1.1857798341789294,
2015-09-02,1.1942189745839402,
2015-09-07,1.166973475449778,
2015-09-08,1.1581053388042886,
2015-09-09,1.1796145919860463,
2015-09-10,1.1816197631873233,
2015-09-11,1.2576654423416938,
2015-09-14,1.304113345221084,
2015-09-15,1.253955288051334,
2015-09-16,1.2451858919475245,
2015-09-17,1.2477639479619704,
2015-09-18,1.2251683230981587,
2015-09-21,1.2136026719246202,
2015-09-22,1.2163469280000803,
2015-09-23,1.2041284328969781,
2015-09-24,1.220572448308078,
2015-09-25,1.2047471989106737,
2015-10-22,,1.0242690171647049
2015-11-20,,1.025214784367125
2015-11-23,,1.0210114730252666
2015-11-24,,1.0190922922109527
2015-11-25,,1.0244636099778401
2015-11-26,,1.0574442721907378
2015-11-27,,1.084795437262801
2015-11-30,,1.0747703337915986
2015-12-01,,1.0711516219207649
2016-01-14,1.2123852277430174,
2016-01-15,1.2100724738334945,
2016-01-18,1.23325458652773,
2016-01-19,1.2099714798584387,
2016-01-20,1.2343544552154808,
2016-01-21,1.2352198215970247,
2016-01-22,1.2292651771103933,
2016-01-25,1.2827725645073043,
2016-01-26,1.2925268575863706,
2016-01-27,1.3072090323636092,
2016-01-28,1.2888150890496157,
2016-01-29,1.3122131216462853,
2016-02-01,1.3040445183595677,
2016-02-02,1.3045272398691188,
2016-02-03,1.2962122433395085,
2016-02-04,1.298942526431779,
2016-02-05,1.2865909295527163,
2016-02-15,1.2673945983822021,
2016-02-16,1.2473647380930886,
2016-03-18,1.246893925943957,
2016-03-21,1.2682577506994792,
2016-03-22,1.2665745268872912,
2016-06-13,1.287465431181275,
2016-06-14,1.2868611090187188,
2016-06-15,1.2851944226785417,
2016-06-16,1.2970479239106585,
2016-06-20,1.2897124760333185,
2016-06-22,1.2879959024458498,
2016-06-24,1.330270661333082,
2016-06-27,1.325782616793439,
2016-06-28,1.3193189440666966,
2016-06-29,1.3341323010083967,
2016-06-30,1.3357995261760989,
2016-07-01,1.3471927939069954,
2016-07-04,1.3739466716395916,
2016-07-06,1.37576035325197,
2016-07-07,1.3554824514700352,
2016-07-08,1.3717176871977166,
2016-07-13,1.3738719339951904,
2016-07-14,1.3757835490242778,
2016-07-15,1.3765662964579561,
2016-07-18,1.3500708865818167,
2016-07-19,1.3562916362945827,
2016-07-20,1.3734372650972209,
2016-07-21,1.3591408618093341,
2016-07-22,1.3702088036798126,
2016-07-26,1.3719149514138735,
2016-07-27,1.3788443183567638,
2016-07-28,1.3746158837583016,
2016-07-29,1.361372101015513,
2016-08-01,1.353084713070808,
2016-08-02,1.3536581990165846,
2016-08-19,,1.0828193613642008
2016-08-22,,1.0797682320252808
2016-08-23,,1.0784888486694595
2016-08-24,,1.0779280783950316
2016-08-25,,1.0734740009109869
2016-08-26,,1.0930098021081045
2016-08-29,,1.0861935545916652
2016-08-30,,1.09506134442074
2016-08-31,,1.0989082129433727
2016-09-01,,1.0851967037358625
2016-09-02,,1.0921950352614607
2016-09-05,,1.0893079364483558
2016-09-06,,1.0791581932055931
2016-09-07,,1.077053725413148
2016-09-08,,1.080164428780562
2016-09-09,,1.0769316083111267
2016-09-12,,1.0854888074473692
2016-09-13,,1.0898462933902446
2016-09-14,,1.0834958251014761
2016-09-19,,1.0683678950142712
2016-09-20,,1.0623372125439294
2016-09-21,,1.0640142497370761
2016-09-22,,1.0712966346647703
2016-09-23,,1.0600455624423495
2016-09-26,,1.061451496913326
2016-09-27,,1.0555278523347167
2016-09-28,,1.0596688428919967
2016-09-29,,1.07972366202454
2016-09-30,,1.0829412938583727
2016-10-10,,1.0982216851782836
2016-10-19,,1.0942618300838765
2016-10-20,,1.0870272547153705
2016-10-21,,1.082957289697511
2016-10-24,,1.1023804599160019
2016-10-25,,1.1089097648894402
2016-10-26,,1.1222468836651127
2016-10-27,,1.1246991324493576
2016-10-28,,1.128921367184501
2016-10-31,,1.117081042576073
2016-11-01,,1.1207780700674945
2016-11-02,,1.1123238935069304
2016-11-03,,1.1125742637625342
2016-11-04,,1.113423663547948
2016-11-07,,1.1237127543769483
2016-11-08,,1.11945811151642
2016-11-09,,1.1144328537294443
2016-11-10,,1.0927163464254848
2016-11-11,,1.0755560682762566
2016-11-14,,1.085232799826353
2016-11-15,,1.082598502521237
2016-11-16,,1.0737276405919602
2016-11-17,,1.0764035793673306
2016-11-18,,1.067364509847258
2016-11-21,,1.0569237117301058
2016-11-22,,1.0677528257402698
2016-11-23,,1.0758805182610702
2016-11-24,,1.0657155543572845
2016-11-25,,1.0695894874211196
2016-11-28,,1.074521616636335
2016-11-29,,1.0675095621667556
2016-11-30,,1.0653046359266247
2016-12-01,,1.078370154461183
2016-12-02,,1.0786048243745416
2016-12-05,,1.114609680413563
2016-12-06,,1.1124942555235706
2016-12-07,,1.1463237113734537
2016-12-09,,1.1399735183836872
2017-02-08,,1.1459812808879501
2017-02-09,,1.1324779381135877
2017-02-10,,1.139061173532479
2017-02-13,,1.140601166350416
2017-02-14,,1.1402238935605642
2017-02-15,,1.132489753198177
2017-02-16,,1.1463256921470049
2017-02-17,,1.1620092974189715
2017-02-20,,1.1505880344812738
2017-02-21,,1.1576484254595623
2017-02-22,,1.1625368596193484
2017-02-23,,1.1650986259976606
2017-02-24,,1.158233937019333
2017-02-27,,1.1483993771281378
2017-02-28,,1.1523669214868268
2017-03-01,,1.1607722012035786
2017-03-02,,1.1623737631320865
2017-03-03,,1.1633583922119834
2017-03-06,,1.1855546727912372
2017-03-07,,1.1875876643635783
2017-03-08,,1.2029450081006487
2017-03-09,,1.2024615130640388
2017-03-10,,1.1969926362340055
2017-03-13,,1.1913502936354419
2017-03-14,,1.2044469168748775
2017-03-15,,1.1985038717467538
2017-03-16,,1.2218105404381088
2017-03-17,,1.2442471187384228
2017-03-20,,1.2609832794150464
2017-03-21,,1.2683131729941979
2017-03-22,,1.2498767004770122
2017-03-23,,1.2310373306428297
2017-03-24,,1.211423116263812
2017-03-27,,1.2185685026871018
2017-03-28,,1.2302870419701288
2017-03-29,,1.2478092818544075
2017-03-30,,1.2414679298325164
2017-03-31,,1.2341472116718626
2017-04-05,,1.237205947285244
2017-04-06,,1.2388258617914711
2017-04-07,,1.2323854762466062
2017-04-10,,1.2165735066823884
2017-04-11,,1.2338139931327208
2017-04-12,,1.2560353214258546
2017-04-13,,1.2574207287809473
2017-04-14,,1.2607952067321948
2017-04-17,,1.2933326756282038
2017-04-18,,1.3028844295569104
2017-04-19,,1.3256494803631993
2017-04-20,,1.2795304337159354
2017-06-07,,1.2826625232595061
2017-06-08,,1.2809098358708157
2017-06-09,,1.3000392436843167
2017-06-14,,1.2763657708871157
2017-06-20,,1.277967525586026
2017-06-22,,1.2663338578593337
2017-06-23,,1.2807018506337635
2017-06-26,,1.276942871199696
2017-06-27,,1.2649564681994423
2017-06-28,,1.2513487921700974
2017-06-29,,1.249148866447275
2017-06-30,,1.225942443448236
2017-07-31,,1.2129555054112757
2017-08-01,,1.2221347391514357
2017-08-02,,1.2196196810808821
2017-08-03,,1.2177301611426348
2017-08-04,,1.2303566103735721
2017-08-07,,1.2309943619625359
2017-08-08,,1.2510248738800553
2017-08-09,,1.2579491478008107
2017-08-10,,1.263101771923654
2017-08-11,,1.285038556898067
2017-08-14,,1.2718193568770404
2017-08-15,,1.2746543129503054
2017-08-16,,1.2587138876318629
2017-08-17,,1.2503219086852961
2017-08-18,,1.2450341578880249
2017-08-21,,1.2353238073308008
2017-08-22,,1.2501183715773763
2017-08-23,,1.2544226066184279
2017-08-24,,1.2343242477977676
2017-08-25,,1.216836159133778
2017-08-28,,1.21342894790534
2017-08-29,,1.2216616732885979
2017-08-30,,1.2213449778316716
2017-08-31,,1.227989741107203
2017-09-01,,1.2167710689688078
2017-09-04,,1.2075551895825676
2017-09-05,,1.1984236601735911
2017-09-06,,1.195978746981729
2017-09-07,,1.1812261931964885
2017-09-08,,1.1904810958309693
2017-09-11,,1.201921534162059
2017-09-12,,1.2159746799231355
2017-09-13,,1.2178562142407576
2017-09-14,,1.2154167869366186
2017-09-15,,1.2327763134623266
2017-09-18,,1.2316553407447801
2017-09-19,,1.2266042749659578
2017-09-20,,1.2340056924215048
2017-09-21,,1.2367123077798352
2017-09-22,,1.2600177094823841
2017-09-25,,1.2637889226549688
2017-09-26,,1.2611457901429974
2017-09-27,,1.2844731746565459
2017-09-28,,1.2778804892474145
2017-09-29,,1.2860533062111665
2017-10-09,,1.3115708104032728
2017-10-10,,1.3197318907773408
2017-10-11,,1.3129674360008439
2017-10-12,,1.3375805459184527
2017-10-13,,1.3504195140972077
2017-10-16,,1.3415820276932693
2017-10-17,,1.339958144000737
2017-10-18,,1.3935076479905388
2017-10-19,,1.376425734079243
2017-10-20,,1.3729665392257981
2017-10-23,,1.3492718791053475
2017-10-27,1.3033580343906326,
2017-10-30,1.2963087677596403,
2017-10-31,1.3094511450956814,
2017-11-01,1.3170567716977122,
2017-11-02,1.3428696983157182,
2017-11-03,1.3610292190338293,
2017-11-06,1.3280193152512063,
2017-11-07,1.346347694240987,
2017-11-08,1.3364618554628585,
2017-11-09,1.3789930305275395,
2017-11-10,1.3927624036134436,
2017-11-13,1.3848777617029493,
2017-11-14,1.4116404140272638,
2017-11-15,1.4613048299835745,
2017-11-16,1.3997891042394348,
2017-11-17,1.3705771442387673,
2017-11-20,1.3425019900807034,
2017-11-21,1.2890240757249463,
2017-11-22,1.2956475362341462,
2017-11-23,1.2879344183395325,
2017-11-24,1.2880310468267717,
2017-11-27,1.3389834527471955,
2017-11-28,1.3198720169102156,
2017-11-29,1.3214397408827672,
2017-11-30,1.3069198543883365,
2017-12-01,1.3308142937009588,
2017-12-04,1.3142115693785352,
2017-12-05,1.3065052638861785,
2017-12-06,1.3046150236889373,
2017-12-07,1.3151755694174214,
2017-12-08,1.340492866850823,
2017-12-11,1.3587545292822392,
2017-12-12,1.3806327207118636,
2017-12-13,1.3816146874101574,
2017-12-14,1.3759266028896027,
2017-12-15,1.3983027277006779,
2017-12-18,1.3833776012764423,
2017-12-19,1.4201169841686336,
2017-12-20,1.4007061631765616,
2017-12-28,1.3571723407091878,
2017-12-29,1.3499071679696262,
2018-01-02,1.3639076887645318,
2018-01-03,1.3966235780171707,
2018-01-04,1.3955933206500248,
2018-01-05,1.4132029022368857,
2018-01-08,1.4578225434287084,
2018-01-09,1.4570634357962475,
2018-01-10,1.4384980043555027,
2018-01-11,1.4560143630393538,
2018-01-12,1.4505432215422152,
2018-01-15,1.4171727565167673,
2018-01-16,1.3767847781824438,
2018-01-17,1.3741706956751318,
2018-01-18,1.368695123757372,
2018-01-19,1.393203313599758,
2018-01-22,1.3786610968476014,
2018-01-23,1.3604987942396343,
2018-01-24,1.3761785395101818,
2018-01-25,1.38484719157429,
2018-01-29,1.4099609783144849,
2018-01-30,1.4441217254887087,
2018-01-31,1.441963649672937,
2018-02-01,1.4018618633576607,
2018-02-02,1.3608567013114594,
2018-02-05,1.3838243331194813,
2018-02-06,1.3693730923624217,
2018-02-07,1.4158130182038808,
2018-02-08,1.4425456888667643,
2018-02-09,1.4521578793542314,
2018-02-12,1.4638842393799503,
2018-02-13,1.464899961455726,
2018-02-14,1.4798494457011229,
2018-02-22,1.4732039356258817,
2018-02-23,1.4580268468146653,
2018-02-26,1.4687210720632253,
2018-02-27,1.4580426671139775,
2018-02-28,1.4801376318803214,
2018-03-01,1.4814805675260405,
2018-03-02,1.4495989739750663,
2018-03-05,1.4285648933139283,
2018-03-06,1.4234963518637918,
2018-03-07,1.4333394047852663,
2018-03-08,1.4326306302375316,
2018-03-09,1.4181041218629988,
2018-05-07,1.4222503546363146,
2018-05-08,1.4116958934071873,
2018-05-09,1.4273044992594048,
2018-05-10,1.4420075183010002,
2018-05-11,1.475100611048941,
2018-05-14,1.4707468391558185,
2018-05-15,1.4663307631502174,
2018-05-16,1.4635823400703454,
2018-05-17,1.471708247787248,
2018-05-18,1.4563078935586524,
2018-05-31,1.4573391380584844,
2018-06-01,1.5118457523044875,
2018-06-04,1.5081039114200172,
2018-06-19,1.5513222714395696,
2018-06-20,1.5612731294105608,
2018-06-21,1.5683138260724745,
2018-06-22,1.587487778961731,
2018-06-25,1.5795501104980798,
2018-06-26,1.5479114385077544,
2018-06-27,1.540736319525076,
2018-06-28,1.5431299206016418,
2018-06-29,1.5489231847063747,
2018-07-02,1.514350836129826,
2018-07-03,1.526386885785043,
2018-07-04,1.5598150710912626,
2018-07-05,1.5736560593796864,
2018-07-06,1.5568089692815188,
2018-07-09,1.5500819389475071,
2018-07-10,1.5644950037180474,
2018-07-11,1.5674086333748958,
2018-07-12,1.5810589903537093,
2018-07-13,1.605705909619464,
2018-07-16,1.5916606818316124,
2018-07-17,1.5899261291829772,
2018-08-27,1.5792667937259603,
2018-08-28,1.5961086258976165,
2018-08-29,1.6009545041690467,
2018-08-30,1.5621753426409153,
2018-08-31,1.5836523236481923,
2018-09-03,1.5832108028497704,
2018-09-04,1.5763161463051696,
2018-09-05,1.5623101183890291,
2018-09-06,1.571008500278224,
2018-09-07,1.5799171504400253,
2018-09-10,1.5855237054096154,
2018-09-11,1.5598082507089996,
2018-09-12,1.5475463924426018,
2018-09-13,1.5698076969015826,
2018-09-21,1.5776435269969573,
2018-10-08,1.5977557211595026,
2018-10-09,1.5493243505447958,
2018-10-10,1.5676890206976133,
2018-10-11,1.5964551141075782,
2018-10-12,1.616289932178826,
2018-10-15,1.6300049178600076,
2018-10-16,1.6176829883785844,
2018-10-17,1.6110788494586168,
2018-10-18,1.6191270457967852,
2018-10-19,1.6011984618168797,
2018-10-22,1.5327505692587564,
2018-10-23,1.519874546162613,
2018-10-24,1.4769669111628183,
2018-10-25,1.466777670334459,
2018-10-26,1.3752290334905757,
2018-10-29,1.3023931859169788,
2018-10-30,1.340982406877428,
2018-10-31,1.3628629306447269,
2018-11-01,1.3967896866637475,
2018-11-02,1.3563597499620388,
2018-11-05,1.3431872756697538,
2018-11-06,1.3528611745554242,
2018-11-07,1.3653924039626824,
2018-11-08,1.3662001395944128,
2018-11-09,1.3274936594834064,
2018-11-12,1.3540556466141185,
2018-11-13,1.3349050684222343,
2018-11-14,1.329520203966439,
2018-11-15,1.3239034903000162,
2018-11-16,1.3285805264555985,
2018-11-19,1.343294753696019,
2018-11-20,1.346766953638357,
2018-11-21,1.3513622067486755,
2018-11-22,1.364385447122398,
2018-11-23,1.3545255656210047,
2018-11-26,1.3471795372524793,
2018-11-27,1.3494367522635793,
2018-11-28,1.354887367752101,
2018-11-29,1.3701068673793964,
2018-12-03,1.3694452609801968,
2018-12-04,1.3926369920475776,
2018-12-05,1.3839494981469813,
2018-12-06,1.373591557468571,
2018-12-07,1.3683006221627927,
2018-12-10,1.3743843740972954,
2018-12-11,1.3828087409058096,
2018-12-14,1.3795925691189022,
2018-12-17,1.3948032995060387,
2018-12-19,1.3981300239404428,
2018-12-20,1.399501295270369,
2018-12-21,1.3967792483973587,
2018-12-24,1.4013731073368862,
2018-12-25,1.3953895606800235,
2018-12-26,1.4074631986778152,
2018-12-27,1.4603387815326452,
2018-12-28,1.5008589761410516,
2019-01-15,1.5029205723556105,
2019-01-16,1.5072711451996028,
2019-01-17,1.5317919887181053,
2019-01-18,1.5304180529721216,
2019-01-21,1.5174123071327952,
2019-01-22,1.5072139291350077,
2019-01-23,1.5131804572032632,
2019-01-24,1.516024968051825,
2019-01-25,1.5107188673012408,
2019-01-28,1.522584124843378,
2019-02-11,1.4970391256842117,
2019-02-12,1.5009929783019298,
2019-02-13,1.5024005485117686,
2019-02-14,1.5066836073379302,
2019-02-15,1.4881056532521468,
2019-02-18,1.4732763799358028,
2019-03-06,1.4532148261347089,
2019-03-07,1.4906459043626554,
2019-03-08,1.5011464763912374,
2019-03-12,1.530648535098705,
2019-03-14,1.510096854774429,
2019-03-15,1.5271521226321039,
2019-03-18,1.503044721266353,
2019-03-19,1.5028059359337556,
2019-03-20,1.4896158111345308,
2019-03-21,1.5055794850603812,
2019-03-22,1.50835239071364,
2019-03-25,1.5206644501547784,
2019-03-26,1.5317720324847022,
2019-03-27,1.5714720592325802,
2019-03-28,1.5976940609249843,
2019-03-29,1.5646679038921456,
2019-04-01,1.550159118391582,
2019-04-02,1.5207931235000514,
2019-04-03,1.5406258058049045,
2019-04-04,1.6020096002133857,
2019-04-08,1.6029441180311488,
2019-04-09,1.6712598323594743,
2019-04-10,1.6690712537179864,
2019-04-11,1.6535772963036803,
2019-04-12,1.6469556767785751,
2019-04-15,1.6580952309854837,
2019-04-16,1.677843327140111,
2019-04-17,1.6731475638951656,
2019-04-18,1.6651124400745894,
2019-04-19,1.6979008137562253,
2019-04-22,1.7445907507154315,
2019-04-23,1.731326353632172,
2019-04-24,1.7392244155839764,
2019-04-25,1.749576007916508,
2019-04-26,1.7921852874783626,
2019-04-29,1.789839988391531,
2019-04-30,1.7751467500179867,
2019-05-06,1.727963554796669,
2019-05-07,1.7423447108019183,
2019-05-08,1.726645650870443,
2019-05-09,1.7560543062715743,
2019-05-10,1.7572718271033907,
2019-05-13,1.7583982082568106,
2019-05-14,1.795050503735474,
2019-05-15,1.7922900116156992,
2019-05-16,1.7954318434462204,
2019-05-17,1.7695613993316253,
2019-05-20,1.7646730575803486,
2019-05-21,1.7599269540692317,
2019-05-22,1.7406322484816452,
2019-05-23,1.7693611416119122,
2019-05-24,1.7490081357421656,
2019-05-27,1.7491530278151681,
2019-05-28,1.7978781776010138,
2019-05-29,1.7966317320938727,
2019-05-30,1.7733773195776081,
2019-05-31,1.7760777432072627,
2019-06-03,1.7608823552423636,
2019-06-04,1.7544817011382132,
2019-06-05,1.7522035376948244,
2019-06-06,1.7468167711761713,
2019-06-11,1.752408217802331,
2019-06-12,1.761181541492626,
2019-07-03,1.7591757724268862,
2019-07-04,1.7814703260763596,
2019-07-05,1.7977231415870207,
2019-07-08,1.787165999937054,
2019-07-29,,1.346931217475604
2019-07-30,,1.350900046149298
2019-07-31,,1.3447522709031623
2019-08-01,,1.3581715228922382
2019-08-02,,1.3681013465812515
2019-08-05,,1.3880266169547448
2019-08-06,,1.3919222574534549
2019-08-07,,1.4104345868075487
2019-08-08,,1.411004104432603
2019-08-09,,1.4635911964411048
2019-09-18,1.7748706537769892,
2019-09-19,1.7880500522591178,
2019-09-20,1.796135010856055,
2019-09-23,1.8432741587986279,
2019-09-24,1.8426894286100575,
2019-09-25,1.8464534660020304,
2019-09-26,1.8525698129303592,
2019-09-27,1.8338038540595547,
2019-09-30,1.848564888327896,
2019-10-08,1.8153499621123796,
2019-10-09,1.8128261379785342,
2019-10-10,1.8246903668809307,
2019-10-11,1.8132980241174184,
2019-10-14,1.8663813288216555,
2019-10-15,1.8126625783718897,
2019-10-16,1.831116433299546,
2019-11-08,,1.4824544653869616
2019-11-11,,1.4852432137511953
2019-11-12,,1.513000067372166
2019-11-13,,1.5177843059755822
2019-11-14,,1.5229681490183298
2019-11-15,,1.5136722590998768
2019-11-18,,1.504444598922024
2019-11-19,,1.5210397051690154
2019-11-20,,1.5252715047140655
2019-11-21,,1.496783135217162
2019-11-22,,1.4715769114776656
2019-11-25,,1.4699544032955838
2019-11-26,,1.4818499140582042
2019-11-27,,1.4701817084666198
2019-11-28,,1.4273605283470139
2020-01-03,1.837122965316634,
2020-02-03,1.8474692070469418,
2020-02-04,1.8466737932173332,
2020-02-05,1.8472247804311175,
2020-02-06,1.855338054669789,
2020-02-07,1.8321455861775255,
2020-03-09,1.8583736793894454,
2020-03-10,1.8869385877369353,
2020-03-11,1.8922762018695343,
2020-03-12,1.8771530074376346,
2020-03-13,1.8858092343336688,
2020-03-16,1.8583874713704307,
2020-03-17,1.8328307787374045,
2020-03-18,1.8360493690593915,
2020-03-19,1.8714618122480269,
2020-03-20,1.9066426723880001,
2020-03-23,1.9207481639262387,
2020-03-24,1.910574411838908,
2020-03-25,1.8977216133009698,
2020-03-26,1.909386472577921,
2020-03-27,1.9220087069149325,
2020-03-30,1.9818571503162725,
2020-03-31,1.9742878621854834,
2020-04-01,2.013574762819585,
2020-04-02,2.016368363221104,
2020-04-03,2.0041660152702243,
2020-04-07,2.01318206808919,
2020-04-08,2.004465829304343,
2020-04-09,2.0276376568279004,
2020-04-10,2.03173793237129,
2020-04-13,2.030385258913581,
2020-04-14,2.052755502963073,
2020-04-15,2.062351649270161,
2020-07-01,,1.442910763874789
2020-07-16,2.090859206761365,
2020-07-17,2.015040173545822,
2020-07-20,2.0468842148061936,
2020-07-21,2.048488347831194,
2020-07-22,2.0469355283866837,
2020-07-23,2.04261550948292,
2020-07-24,2.0655126242199406,
2020-07-27,2.10498236691175,
2020-07-28,2.0563584645895068,
2020-07-29,2.0758033986533664,
2020-07-30,2.056314213717004,
2020-07-31,2.0109937582293673,
2020-08-03,2.0113924315871157,
2020-08-04,2.0085525610949433,
2020-08-05,1.980030528917337,
2020-08-06,1.9947982626779155,
2020-08-07,1.9911087352261265,
2020-08-10,2.0191735611157986,
2020-08-11,2.015638198595402,
2020-08-12,2.0303288324551354,
2020-08-21,,1.4483340351519005
2020-08-24,,1.4714914979322247
2020-08-25,,1.48874060367377
2020-08-26,,1.4840628958561175
2020-08-27,,1.4699711599106688
2020-08-28,,1.5021119207087024
2020-08-31,,1.5065018294323447
2020-09-01,,1.5003600299049271
2020-09-02,,1.5070566829629028
2020-09-03,,1.503198056746453
2020-09-04,,1.4971585350102494
2020-09-07,,1.4790809721413951
2020-09-08,,1.4943365269436055
2020-12-21,,1.5485896784354694
2020-12-22,,1.5042767690246526
2020-12-23,,1.4975504089090053
2020-12-24,,1.484704755148744
2020-12-25,,1.5115652597180542
2020-12-29,,1.5416383789512058
2021-01-15,1.9899885409608953,
2021-01-18,1.9693907148796046,
2021-01-19,1.9847500772574547,
2021-01-20,1.9801747664080898,
2021-01-21,1.9876361622943057,
2021-01-22,2.0551396738333154,
2021-01-25,2.0662024689786533,
2021-01-26,2.0113433627935886,
2021-01-27,2.065305373916185,
2021-01-28,2.101843525196243,
2021-01-29,2.069477212003785,
2021-02-01,2.071357612991591,
2021-02-02,2.119183764350784,
2021-02-03,2.2458738998191823,
2021-02-04,2.234641144335169,
2021-02-05,2.2537178458349874,
2021-02-08,2.2851409200284643,
2021-02-09,2.3666658173773842,
2021-02-10,2.2678607425186326,
2021-02-18,2.2539621157946765,
2021-02-19,2.17203634566851,
2021-02-22,2.1963134898308994,
2021-02-23,2.1435923956349754,
2021-02-24,2.094107531904362,
2021-02-25,2.1193692361957472,
2021-02-26,2.1207099043015236,
2021-03-01,2.0529385257723436,
2021-03-02,2.0923762088056073,
2021-03-03,2.057264026039973,
2021-03-04,2.0906588522132594,
2021-03-05,2.0653859849828784,
2021-03-08,2.0863954315641777,
2021-03-09,2.10689421124136,
2021-03-10,2.1346514505266994,
2021-03-11,2.1050035113865824,
2021-03-12,2.0997683638657585,
2021-03-15,2.1173337453655567,
2021-03-16,2.128505547006274,
2021-03-17,2.15114663217692,
2021-03-18,2.147700934795671,
2021-03-19,2.1056478626689943,
2021-03-22,2.1317133820423164,
2021-03-23,2.158802316581448,
2021-03-24,2.141028912001954,
2021-03-25,2.136390147563507,
2021-03-26,2.154177365820991,
2021-03-29,2.156137802442441,
2021-03-30,2.1282287809585765,
2021-03-31,2.138114005049332,
2021-04-01,2.2352232884283705,
2021-04-02,2.208520416412135,
2021-04-06,2.159088329065354,
2021-04-07,2.164590639126031,
2021-04-08,2.1467575850798504,
2021-04-09,2.1727340752057076,
2021-04-12,2.1888989585379703,
2021-04-13,2.1978487247180136,
2021-04-14,2.179343464830879,
2021-04-15,2.2127550927507706,
2021-04-16,2.1931668904846764,
2021-04-19,2.201625648091475,
2021-04-20,2.179969752809199,
2021-04-21,2.15928491783053,
2021-04-22,2.193759635743387,
2021-04-23,2.187414189922487,
2021-04-26,2.198553817954992,
2021-04-27,2.1330832496647765,
2021-04-28,2.098627990115899,
2021-04-29,2.0956348916027934,
2021-04-30,2.0731193442335862,
2021-05-17,2.073383549479677,
2021-05-25,2.095822802162887,
2021-05-26,2.1116727440491547,
2021-05-27,2.104820340125278,
2021-05-28,2.089731785497105,
2021-05-31,2.106655459792625,
2021-06-01,2.1098336962253295,
2021-06-02,2.1238703624104924,
2021-06-03,2.13999482340952,
2021-06-18,2.135886303028041,
2021-06-21,2.1159586072933685,
2021-06-22,2.0692027340929355,
2021-07-02,2.048670546778538,
2021-07-27,2.1080990466544014,
2021-07-28,2.046751330094572,
2021-07-29,1.9848081449510397,
2021-07-30,2.019168014626897,
2021-08-02,2.0126595463322086,
2021-08-03,1.9669816707901104,
2021-08-04,1.9519070097808977,
2021-08-05,1.9321759719564753,
2021-08-06,1.9319610431742225,
2021-08-09,2.023107460806731,
2021-08-10,1.9825246240575494,
2021-08-11,1.9342184305533952,
2021-08-12,1.9557264449321181,
2021-08-13,1.9567560980480718,
2021-08-16,1.9278895684165025,
2021-08-17,1.8885469009808262,
2021-08-18,1.900899987882234,
2021-08-19,1.857552040160529,
2021-08-20,1.856658085855362,
2021-08-23,1.8977182738563696,
2021-08-24,1.937814933576239,
2021-08-25,1.8990269120460104,
2021-08-26,1.8901235473931342,
2021-08-27,1.8843222411539866,
2021-08-30,1.8559809328997268,
2021-08-31,1.9030838035413065,
2021-09-01,1.899549598095839,
2021-09-02,1.9534573849710908,
2021-09-03,1.9307402398076865,
2021-09-06,1.905787523510238,
2021-09-07,1.8749567761488206,
2021-09-08,1.8768176236447205,
2021-09-09,1.891278161337585,
2021-09-10,1.8903057169036304,
2021-09-13,1.9217553783967811,
2021-09-14,1.8960418072316574,
2021-09-15,1.9439795843711967,
2021-09-16,1.9781586757947776,
2021-09-17,1.9384965344695466,
2021-09-22,1.9228562503196198,
2021-09-23,1.9898320430671288,
2021-09-24,2.1571915451244155,
2021-09-27,2.117941722578916,
2021-09-28,2.137308619473851,
2021-09-29,2.134105317576935,
2021-09-30,2.116861502274231,
2021-10-08,2.1442514092051654,
2021-10-11,2.171217930995198,
2021-10-12,2.2111782027056344,
2021-10-13,2.2024246734687742,
2021-10-14,2.200680632940362,
2021-10-15,2.098479478685515,
2021-10-18,2.0913091504955865,
2021-10-19,2.128197104325188,
2021-10-20,2.1237622907424796,
2021-10-21,2.1724480051484822,
2021-10-22,2.133371460859443,
2021-10-25,2.1274383864759967,
2021-10-26,2.1095961802738206,
2021-10-27,2.1313949813955446,
2021-10-28,2.112491788326259,
2021-10-29,2.09492791477038,
2021-11-01,2.118512781822148,
2021-11-03,2.1421715399738894,
2021-11-04,2.17151583124406,
2021-11-05,2.169080963283785,
2021-11-08,2.135686752439262,
2021-11-09,2.1061897809881884,
2021-11-10,2.0901078602387893,
2021-11-11,2.0991724465789923,
2021-11-12,2.087568362673173,
2021-12-24,2.0316993951945848,
2021-12-27,2.0223629238805545,
2021-12-28,1.9640332725925351,
2021-12-29,1.9799644838852297,
2021-12-30,1.9495914959511573,
2021-12-31,1.9596298051907264,
2022-01-04,1.9545786689286324,
2022-01-05,1.9361162661293294,
2022-01-06,1.8970108674356336,
2022-01-07,1.9108072722756049,
2022-01-10,1.9054929349434842,
2022-01-11,1.911236300557606,
2022-01-12,1.859698425195426,
2022-01-13,1.8652056332576736,
2022-01-14,1.8440888569756888,
2022-01-17,1.8551276219695765,
2022-01-18,1.8862292539754233,
2022-01-19,1.9232025922937994,
2022-01-20,1.9552174335606147,
2022-01-21,1.919516544502751,
2022-01-24,1.9561909402641346,
2022-01-25,1.9535374516040478,
2022-01-26,2.001374985396625,
2022-02-09,1.9835517684266468,
2022-02-10,1.9768139271960814,
2022-02-11,2.017150726586966,
2022-02-14,2.0182142375804784,
2022-02-15,2.012325943527781,
2022-03-01,2.0162308668587516,
2022-03-02,1.9815218377465686,
2022-03-03,1.9851884412165484,
2022-03-07,2.0758695105423004,
2022-03-08,2.124012749714044,
2022-03-09,2.107856581488556,
2022-03-10,2.072816029671041,
2022-03-11,2.0595986220559013,
2022-03-14,2.042656446060633,
2022-03-15,2.040754862963097,
2022-03-16,2.0527221740373145,
2022-03-17,2.0251006956960773,
2022-03-18,2.0245827246634183,
2022-03-21,2.0157733200300547,
2022-03-22,2.070033978969464,
2022-03-23,2.047253404265259,
2022-03-24,2.0493820460885286,
2022-03-25,2.028720742830511,
2022-03-28,2.042878302369354,
2022-03-29,2.0566583096823026,
2022-03-30,2.0593968488709096,
2022-03-31,2.1024430067520297,
2022-04-01,2.0916904678278434,
2022-04-06,2.118544624143965,
2022-04-07,2.1292511474434344,
2022-04-08,2.1226001449673926,
2022-04-11,2.153642975586865,
2022-04-12,2.1594773190167804,
2022-04-13,2.178718559272906,
2022-04-14,2.1767451770060084,
2022-04-15,2.171018533337019,
2022-04-18,2.1868256665555634,
2022-04-19,2.228494331010282,
2022-04-20,2.249508820837759,
2022-04-21,2.2313389499619656,
2022-04-25,2.279603606290049,
2022-04-26,2.290266767274434,
2022-04-27,2.323739256209,
2022-04-28,2.2594005461181528,
2022-04-29,2.2729061043310748,
2022-05-05,2.278677601365484,
2022-05-06,2.2475512353583036,
2022-05-09,2.2401996495447745,
2022-05-10,2.210054374206771,
2022-05-11,2.2135679828923545,
2022-05-30,,1.5387787173401446
2022-05-31,,1.5291457103529393
2022-06-01,,1.5249277604369624
2022-06-02,,1.498015263609306
2022-06-06,,1.5170805961492055
2022-06-07,,1.5400925191573462
2022-06-08,,1.5463162545174325
2022-06-09,,1.5606047639095808
2022-06-10,,1.5440455582109762
2022-07-15,,1.5296455639236781
2022-07-18,,1.5316061039413114
2022-07-19,,1.531616486124945
2022-07-20,,1.5404711087533638
2022-07-21,,1.5456674219289468
2022-07-22,,1.5532420022359972
2022-07-25,,1.545136770508167
2022-07-26,,1.529901496852163
2022-07-27,,1.5134618631365984
2022-07-28,,1.5336953721060702
2022-07-29,,1.5206755705099033
2022-08-01,,1.542509999976271
2022-08-02,,1.5614247501384861
2022-08-03,,1.5723152718028632
2022-08-04,,1.5572295521728243
2022-08-05,,1.55106590705083
2022-08-08,,1.5468250893564712
2022-08-09,,1.5382325541237407
2022-08-10,,1.5306882933490584
2022-08-11,,1.5475019691601823
2022-08-12,,1.5433920745954992
2022-08-15,,1.5447321418636633
2022-08-16,,1.5303884742761749
2022-08-17,,1.5268623168815396
2022-08-18,,1.5370931949559603
2022-08-19,,1.525079028474523
2022-08-22,,1.5143294961226652
2022-08-23,,1.5309210834992182
2022-08-24,,1.542132820169065
2022-08-25,,1.5553930633969224
2022-08-26,,1.5474292508212215
2022-08-29,,1.5457922771863617
2022-08-30,,1.5866005722219212
2022-08-31,,1.5667775058659128
2022-09-01,,1.5699616070912752
2022-09-02,,1.5416648499629093
2022-09-08,,1.543988158182083
2022-09-09,,1.5643477905594894
2022-09-29,,1.5673042492356712
2022-09-30,,1.5338147990046982
2022-10-24,2.1877635932119937,
2022-10-25,2.1485618909372266,
2022-10-26,2.0780921464899724,
2022-10-27,2.0734454629733503,
2022-10-28,2.0785303406296904,
2022-10-31,2.162671225889013,
2022-11-01,2.150315417197445,
2022-11-02,2.1239342943165465,
2022-11-03,2.1595067571666418,
2022-11-04,2.142361466318159,
2022-11-07,2.12781522750811,
2022-11-08,2.1145727304623834,
2022-11-09,2.1510655569126826,
2022-11-10,2.162815035985036,
2022-11-11,2.165998042936648,
2022-11-14,2.1970240685384232,
2022-11-15,2.2114333489524425,
2022-11-16,2.1968241799822006,
2022-11-17,2.2068282938575896,
2022-11-18,2.1639563988305293,
2022-11-21,2.190064313808302,
2022-11-22,2.199712113036769,
2022-11-23,2.1712052541819817,
2022-11-24,2.162918464796869,
2022-11-25,2.171297451188935,
2022-11-28,2.223092297848831,
2022-11-29,2.2204269017188465,
2022-11-30,2.2374733900705714,
2022-12-01,2.2550960869594734,
2022-12-02,2.2507664276864543,
2022-12-05,2.2677500477295864,
2022-12-06,2.268306518915306,
2022-12-07,2.2716821496565913,
2022-12-08,2.3033248886152826,
2023-01-03,,1.5277243911063094
2023-01-04,,1.5602557963789223
2023-02-09,,1.5631559177191643
2023-02-10,,1.5861049843177222
2023-02-17,,1.5910268220790345
2023-03-13,,1.6038926099593074
2023-03-14,,1.5903218962537187
2023-03-15,,1.6102687208229705
2023-03-16,,1.5937307157658998
2023-03-17,,1.5911838867583215
2023-03-20,,1.6123093628925833
2023-03-21,,1.6040121995461334
2023-03-22,,1.589376654230053
2023-03-23,,1.5972350059878313
2023-03-24,,1.594002475957687
2023-03-27,,1.610851017352989
2023-03-28,,1.6150503793010855
2023-03-29,,1.6103593771160964
2023-03-30,,1.6220073383697844
2023-03-31,,1.5913046339355155
2023-04-03,,1.5966803217130963
2023-04-04,,1.5848023689887805
2023-04-06,,1.569614735199242
2023-04-07,,1.5609737738414842
2023-04-10,,1.5413661169346242
2023-04-11,,1.500446668527555
2023-04-12,,1.534442319020559
2023-04-13,,1.5178753068115782
2023-04-14,,1.528984726293254
2023-04-18,,1.5435561411771161
2023-04-19,,1.5339670161556656
2023-04-20,,1.5506033492789808
2023-04-21,,1.552795131815854
2023-04-24,,1.5819319678345463
2023-04-25,,1.5947394796398984
2023-04-26,,1.5948363353865291
2023-04-27,,1.5807583931228049
2023-04-28,,1.5714745913487853
2023-05-04,,1.5767707994837477
2023-05-05,,1.5342182295180373
2023-05-08,,1.5485748744240635
2023-05-09,,1.5629891185444973
2023-05-10,,1.5587739002412864
2023-05-11,,1.5704865733978095
2023-05-12,,1.5545239724640985
2023-05-15,,1.5516751310233032
2023-05-16,,1.5567850888356862
2023-05-17,,1.5499435800499337
2023-05-18,,1.5616518579623055
2023-05-19,,1.5912917958200616
2023-05-22,,1.5957100699926983
2023-05-23,,1.606093532685881
2023-05-24,,1.6010845742296305
2023-05-25,,1.5918226544580627
2023-05-26,,1.597497923398642
2023-05-29,,1.577831743470926
2023-05-30,,1.5596027068087082
2023-05-31,,1.5623704650859982
2023-06-01,,1.5703033884472046
2023-06-02,,1.5725997141345582
2023-06-05,,1.589094598292377
2023-06-06,,1.5828070087399644
2023-06-07,,1.5850271004688925
2023-06-08,,1.5764222159619878
2023-06-09,,1.599417027567169
2023-06-12,,1.5935106146505817
2023-06-13,,1.618018705265418
2023-06-14,,1.6166343132622574
2023-06-15,,1.6374443591892507
2023-06-30,,1.6451246468931169
2023-07-04,,1.64467530147201
2023-07-12,,1.6426575501101233
2023-07-13,,1.6549579489358361
2023-07-14,,1.6486585524831796
2023-07-17,,1.6476433478436185
2023-07-18,,1.6495585734309253
2023-07-19,,1.6620706469517572
2023-07-20,,1.7044203930377544
2023-07-21,,1.711731118592478
2023-07-24,,1.7129912959554294
2023-07-25,,1.7165364053358554
2023-07-26,,1.7267414167773538
2023-07-27,,1.7375297079709886
2023-07-28,,1.7141798188432502
2023-07-31,,1.7283292139044457
2023-08-01,,1.73291369871272
2023-08-02,,1.7163016600687577
2023-08-03,,1.7222046264530684
2023-08-04,,1.7306070377019511
2023-08-07,,1.7368700831608899
2023-08-08,,1.7424165424625935
2023-08-09,,1.7258952385791488
2023-08-10,,1.7309467109990353
2023-08-18,,1.745667878804795
2023-08-22,,1.7617764250337284
2023-08-23,,1.7874004809254855
2023-08-24,,1.8020770083155806
2023-08-25,,1.7899960720640784
2023-08-28,,1.7867425106055064
2023-08-29,,1.7916295589333664
2023-08-30,,1.7946501964241677
2023-08-31,,1.7857601987364238
2023-09-01,,1.7719260402869077
2023-09-04,,1.7787457048407915
2023-09-05,,1.784624731674993
2023-09-06,,1.7894561807814613
2023-09-07,,1.780851940169885
2023-09-08,,1.7710280707875747
2023-09-11,,1.772319070830674
2023-09-12,,1.783563410696307
2023-09-13,,1.7839687485815765
2023-09-14,,1.7628139676763996
2023-09-15,,1.7965148739522405
2023-09-18,,1.7979551486876741
2023-09-19,,1.8024622433337634
2023-09-20,,1.795447728179219
2023-09-21,,1.8091761683629126
2023-09-22,,1.8060333439383875
2023-09-25,,1.8017930472787347
2023-09-26,,1.7962666082583005
2023-09-27,,1.787586027427539
2023-09-28,,1.7703078512963952
2023-10-09,,1.777194136727163
2023-10-10,,1.7799281182355278
2023-10-11,,1.769884261024639
2023-10-12,,1.7567958415949427
2023-10-13,,1.7551229618510802
2023-10-16,,1.7453175300144965
2023-10-17,,1.7609849199386323
2023-10-18,,1.7074857768534308
2023-11-03,2.273059529760923,
2023-11-07,2.286837660553865,
2023-11-08,2.2808048971946033,
2023-11-09,2.2761831756465853,
2023-11-29,,1.7183857815456673
2023-11-30,,1.6975407225537014
2023-12-01,,1.700196432187984
2023-12-04,,1.695588758685081
2023-12-05,,1.687497701341956
2023-12-06,,1.6889182265175753
2023-12-07,,1.6892954325795169
2023-12-08,,1.6731153681514983
2023-12-11,,1.6802764167994235
2023-12-12,,1.663571275953472
2023-12-13,,1.6503363175155794
2023-12-14,,1.6637927499573777
2023-12-15,,1.6854699440857812
2023-12-18,,1.6950829086123391
2023-12-19,,1.7080427636127637
2023-12-20,,1.7095616901029727
2023-12-21,,1.7068969836591559
2023-12-22,,1.702909416871262
2023-12-25,,1.7126043187965503
2023-12-26,,1.7039334273285118
2023-12-27,,1.7172693762190867
2023-12-29,,1.7028570743782765
2024-01-03,,1.6959631968952518
2024-01-11,,1.6986355298871316
2024-01-12,,1.6974733828244801
2024-01-15,,1.686618390523251
2024-01-16,,1.6656227174943434
2024-01-26,,1.6921243640728822
2024-01-29,,1.6882023021221195
2024-01-30,,1.6960552932442696
2024-01-31,,1.699659475850449
2024-02-01,,1.7064993339448986
2024-02-02,,1.7279064768786978
2024-03-06,,1.7411358510580854
2024-03-07,,1.7222817905562455
2024-03-08,,1.7221138203044115
2024-03-11,,1.7644186418579924
2024-03-13,,1.7594491347499381
2024-03-14,,1.7564065817423986
2024-03-15,,1.7313912614794602
2024-03-18,,1.7436150156795074
2024-03-19,,1.7412906727972426
2024-03-20,,1.7428247974626765
2024-03-21,,1.7533525219097634
2024-03-22,,1.7514047160195667
2024-03-25,,1.761413759528674
2024-03-26,,1.7740688623973262
2024-03-27,,1.7654637577205046
2024-03-28,,1.7583590282195734
2024-03-29,,1.7466040576707842
2024-04-01,,1.7471550044371034
2024-04-02,,1.7544660157872338
2024-04-03,,1.7251941271738014
2024-04-08,,1.7224845899813777
2024-04-09,,1.7232427927923664
2024-04-10,,1.7234896716497987
2024-04-11,,1.724332918065722
2024-04-12,,1.7249008203467204
2024-04-15,,1.7405856243522368
2024-04-16,,1.7108596083807286
2024-04-17,,1.7122387181109227
2024-04-18,,1.7034761801148615
2024-04-19,,1.7350659250937115
2024-04-22,,1.763246733486957
2024-04-23,,1.7567428353370957
2024-04-24,,1.7518997594573347
2024-04-25,,1.7403888588118273
2024-04-26,,1.7161536881998358
2024-04-29,,1.7263047322720566
2024-04-30,,1.7510795553811485
2024-05-06,,1.7593552348622739
2024-05-07,,1.7677720305219322
2024-05-08,,1.7438259891334607
2024-05-09,,1.727726918518236
2024-05-10,,1.6988754062876044
2024-05-13,,1.698810129554943
2024-05-14,,1.7114241799203154
2024-05-15,,1.7087565680008736
2024-05-16,,1.7005926600044359
2024-05-17,,1.689217984572326
2024-05-20,,1.6924264880983584
2024-05-21,,1.682085838392166
2024-05-22,,1.6964717088281869
2024-05-23,,1.7017663133686005
2024-05-24,,1.6792337361503444
2024-05-27,,1.6865322512203755
2024-05-28,,1.6930291479719775
2024-05-29,,1.679274986696788
2024-05-30,,1.6854935253952816
2024-05-31,,1.6730153134513797
2024-06-03,,1.6731207640952428
2024-06-04,,1.6744129737946698
2024-06-05,,1.6717663152593811
2024-06-06,,1.6613157200397075
2024-06-07,,1.6296568438687653
2024-06-11,,1.6315724422119526
2024-06-12,,1.6243820377578781
2024-06-13,,1.6172772371479787
2024-06-14,,1.6071733171390508
2024-06-17,,1.5842989887546877
2024-06-18,,1.6014510691197767
2024-06-19,,1.6121699249764174
2024-06-20,,1.588373615531495
2024-06-21,,1.6021430368844702
2024-06-24,,1.6204110072654976
2024-06-25,,1.6123761606121454
2024-06-26,,1.6256901522177771
2024-06-27,,1.6001479037362676
2024-06-28,,1.5668492953449928
2024-07-01,,1.617303288186568
2024-07-02,,1.630011010153429
2024-07-03,,1.624757039002571
2024-07-04,,1.6004718723492795
2024-07-10,,1.6058727984321672
2024-08-19,,1.6148206244594034
2024-08-20,,1.6151216408013171
2024-08-21,,1.6118138588259214
2024-08-22,,1.609870152051216
2024-08-23,,1.6083563926464806
2024-08-26,,1.6096659473988686
2024-08-27,,1.6038756878034897
2024-08-28,,1.6324456165465333
2024-08-29,,1.6405853499356033
2024-08-30,,1.620832195914174
2024-09-02,,1.6317361678613564
2024-09-03,,1.632306173953669
2024-09-04,,1.6344253088458773
2024-09-05,,1.640742981419511
2024-09-06,,1.6368708439508532
2024-09-09,,1.638518190934191
2024-09-10,,1.645507848865044
2024-09-11,,1.6062542854954889
2024-09-12,,1.5809409527674771
2024-09-13,,1.5363597749786213
2024-09-24,2.280288445199199,
2024-09-25,2.3673401485840486,
2024-09-26,2.397454448450664,
2024-09-27,2.3483624017377087,
2024-09-30,2.179236622119162,
2024-10-08,2.1892837634211677,
2024-10-09,2.220333823940093,
2024-10-10,2.2399110001523477,
2024-10-11,2.193480550516607,
2024-10-14,2.19424412563911,
2024-10-15,2.1687992926576958,
2024-10-16,2.1585603429896376,
2024-10-17,2.139007376293749,
2024-10-18,2.1187335927636495,
2024-10-21,2.1238110916291375,
2024-10-22,2.1450942061415437,
2024-10-23,2.1506600879368656,
2024-10-24,2.1436424683764557,
2024-10-25,2.14687490460903,
2024-10-28,2.12805579583326,
2024-10-29,2.147604870622847,
2024-10-30,2.1415568657639494,
2024-10-31,2.1494333128553436,
2024-11-01,2.136926690953026,
2024-11-04,2.1177114378116815,
2024-11-05,2.1212638329789324,
2024-12-05,,1.5250631177328093
2024-12-06,,1.5256456044649154
2024-12-09,,1.5388919134555554
2024-12-10,,1.5319232889443941
2024-12-11,,1.5430842405020597
2024-12-12,,1.539089308063779
2024-12-13,,1.5547095555600796
2024-12-16,,1.578113328493278
2024-12-17,,1.58212636011831
2024-12-18,,1.5625661058432396
2024-12-19,,1.5650515129944846
2024-12-20,,1.56668010132206
2024-12-23,,1.5576853086978466
2024-12-24,,1.5492065399634158
2024-12-25,,1.5465536634085093
2024-12-26,,1.5500869122469267
2024-12-27,,1.5395917500948568
2024-12-30,,1.563414618756745
2024-12-31,,1.5770228340830448
2025-01-02,,1.5838351695408899
2025-01-03,,1.554127130245434
2025-01-06,,1.5431226664597564
2025-01-07,,1.54803482087595
2025-01-08,,1.5532291707025607
2025-01-09,,1.5653304014912082
2025-01-10,,1.5769599080952836
2025-01-13,,1.5621271741210727
2025-01-14,,1.5710287121335824
2025-01-15,,1.5463864001164103
2025-01-16,,1.549191444402064
2025-01-17,,1.560466516092305
2025-01-20,,1.5532208355500199
2025-01-21,,1.542972188087056
2025-01-22,,1.5420732981019891
2025-01-23,,1.523857242111558
2025-01-24,,1.5292145518276763
2025-01-27,,1.5095653880713393
2025-02-05,,1.4988707792649658
2025-02-06,,1.5004105007938715
2025-02-07,,1.4931710470980994
2025-02-10,,1.4879701899040259
2025-02-11,,1.4963217622931062
2025-02-12,,1.5215447190878486
2025-02-13,,1.5172143229656185
2025-02-14,,1.510994063016194
2025-02-17,,1.5272265503665274
2025-02-18,,1.5307818375677806
2025-02-19,,1.520131817843726
2025-02-20,,1.5135575926137694
2025-02-21,,1.5088768974876805
2025-02-24,,1.5036326270071865
2025-02-25,,1.4958302404954444
2025-02-26,,1.515212428980582
2025-02-27,,1.5583890001902443
2025-02-28,,1.5466987768734577
2025-03-03,,1.5328557553830129
2025-03-04,,1.5226599795748683
2025-03-05,,1.537048998744178
2025-03-06,,1.5550138501628155
2025-03-07,,1.5626886466906562
2025-03-10,,1.5805126000350387
2025-03-11,,1.580812977020578
2025-03-12,,1.5828498585201896
2025-03-13,,1.624723913660709
2025-04-25,,1.6270298928239524
2025-04-28,,1.6243934704801843
2025-04-29,,1.6290627634584665
2025-04-30,,1.6155729105362162
2025-05-06,,1.610110212826923
2025-05-07,,1.6219640299326872
2025-05-08,,1.6363839117177343
2025-05-09,,1.6293684782122604
2025-05-12,,1.6144648297898887
2025-05-13,,1.6344111324136807
2025-05-14,,1.6467410333120254
2025-05-15,,1.6386540702221701
2025-05-16,,1.6126341638015875
2025-05-19,,1.6101098325474341
2025-05-20,,1.5981550102365265
2025-05-21,,1.5983306421001764
2025-05-22,,1.6047359900496134
2025-05-23,,1.5943424260773458
2025-05-26,,1.597022053690495
2025-05-27,,1.5921623745168698
2025-05-28,,1.5855260831502944
2025-05-29,,1.5770885627084124
2025-05-30,,1.5606205418264136
2025-06-03,,1.5546985746056208
2025-06-04,,1.554744524511954
2025-06-05,,1.5494343644409505
2025-06-06,,1.526946021688479
2025-06-09,,1.5249056540858386
2025-06-10,,1.5178368508088518
2025-06-11,,1.5002597739766728
2025-06-12,,1.4827722202275164
2025-06-13,,1.4749405245269878
2025-06-16,,1.4804183566916191
2025-06-17,,1.4768866063221116
2025-06-18,,1.4899236057177303
2025-06-19,,1.4909237545534355
2025-06-20,,1.47882689564452
2025-06-23,,1.4764580936523397
2025-06-24,,1.4540884414225699
2025-06-25,,1.4694907841864213
2025-06-26,,1.46380933036801
2025-06-27,,1.464094529537967
2025-06-30,,1.4577522414792972
2025-07-01,,1.4613305964999912
2025-07-02,,1.4575204715868846
2025-07-03,,1.458057476186832
2025-07-04,,1.4543578784210214
2025-07-07,,1.4468375844405674
2025-07-08,,1.4517683934870032
2025-07-09,,1.4515504082384387
2025-07-10,,1.4502473468404655
2025-07-11,,1.4463058041195973
2025-07-14,,1.435033481243544
2025-07-15,,1.4392946930493187
2025-07-16,,1.4340520511778558
2025-07-17,,1.4430767281871346
2025-07-18,,1.4385323609409655
2025-07-21,,1.4452637006093565
2025-07-22,,1.4537501578384682
2025-07-23,,1.4567591661293213
2025-07-24,,1.4342283078144085
2025-07-25,,1.4176212864875328
2025-07-28,,1.4123506257488678
2025-07-29,,1.4212535427903579
2025-07-30,,1.4241787625866935
2025-07-31,,1.4274641316902763
2025-08-01,,1.4236050744268143
2025-08-04,,1.4195256753501906
2025-08-05,,1.4128238907412909
2025-08-06,,1.411141080087814
2025-08-07,,1.4133157303994712
2025-08-08,,1.4273774002120578
2025-08-11,,1.4133667034741304
2025-08-12,,1.3881163061674586
2025-08-13,,1.3949064135189206
2025-08-14,,1.3811604170339913
2025-08-15,,1.3742253152310229
2025-08-18,,1.3871171882356588
2025-08-19,,1.3810990146016922
2025-08-20,,1.3743010112245004
2025-08-21,,1.3580480210274217
2025-08-22,,1.3504291690334895
2025-08-25,,1.348759366597666
2025-08-26,,1.3429904194139628
2025-08-27,,1.3177265250874468
2025-08-28,,1.3340444584720148
2025-08-29,,1.3230731380864709
2025-09-01,,1.3443276200116872
2025-09-02,,1.345283513322234
2025-09-03,,1.3677569353169623
2025-09-04,,1.3460763878526465
2025-09-05,,1.3578989749640624
2025-09-08,,1.3703096524199423
2025-09-09,,1.3806395003712306
2025-09-10,,1.3499013155227486
2025-09-11,,1.3519795872827307
2025-09-12,,1.347991720502445
2025-09-15,,1.339454763764468
2025-09-16,,1.3259696590540382
2025-09-17,,1.3225378744355776
2025-09-18,,1.3214251271563882
2025-09-19,,1.3042271176243112
2025-09-22,,1.3005515393012679
2025-09-23,,1.283123026470778
2025-09-24,,1.2731681869098148
2025-09-25,,1.2822255417909487
2025-09-26,,1.2819626257154177
2025-09-29,,1.2637298473532725
2025-09-30,,1.239677178833046
2025-10-09,,1.2591361372740524
2025-10-10,,1.2573633075048438
2025-10-13,,1.2960992748251774
2025-10-14,,1.2851801781926167
2025-10-15,,1.2988089615372993
2025-10-16,,1.3059538540246929
2025-10-17,,1.3012350166320654
2025-10-20,,1.2845275405051975
2025-10-21,,1.2861510086104413
2025-10-22,,1.289203613528232
2025-10-23,,1.2606469076561608
2025-10-24,,1.2386447033622427
2025-10-27,,1.2482870418866985
2025-10-28,,1.2238811293077343
2025-10-29,,1.2299438514240055
2025-10-30,,1.2503984822925875
2025-10-31,,1.250640511809087
2025-11-03,,1.2555625502284995
2025-11-04,,1.2466385043274923
2025-11-05,,1.23992882812579
2025-11-06,,1.24247820771664
2025-11-07,,1.2593114903627942
2025-11-10,,1.2684059178384912
2025-11-11,,1.2746349425093282
2025-11-12,,1.2630706719984177
2025-11-13,,1.2729215747170488
2025-11-14,,1.2918221334214537
2025-11-17,,1.3039243692675164
2025-11-18,,1.2944575625721706
2025-11-19,,1.2981412377718344
2025-11-20,,1.3294219219170853
2025-11-21,,1.3198952776621904
2025-11-24,,1.3016879312545098
2025-11-25,,1.2972162506309322
2025-11-26,,1.2964573757127194
2025-11-27,,1.2956426102937066
2025-11-28,,1.2794974792940768
2025-12-01,,1.2767679982017928
2025-12-02,,1.2781052533742816
2025-12-03,,1.2698733048643762
2025-12-04,,1.2637922886006894
2025-12-05,,1.244760362528372
2025-12-08,,1.2383975669678136
2025-12-09,,1.2414478710868277
2025-12-10,,1.2589918892470076
2025-12-11,,1.257524159944075
2025-12-12,,1.269437771605838
2025-12-15,,1.2816411111227006
2025-12-16,,1.2665980026711836
2025-12-17,,1.2725247121525611
2025-12-18,,1.2704384640497033
2025-12-19,,1.257057596194442
2025-12-22,,1.2542785382769972
2025-12-23,,1.245527518977482
2025-12-24,,1.253009521314419
2025-12-25,,1.2490114988607233
2025-12-26,,1.2449258969827917
2025-12-29,,1.2327080028725894
2025-12-30,,1.2291750072299565
2025-12-31,,1.2418042841651578
2026-01-05,,1.224055369379267
2026-01-06,,1.2243313339589912
2026-01-07,,1.2264389286912318
2026-01-08,,1.2258251503169448
2026-01-09,,1.220799601762467
2026-01-12,,1.2194588443557008
2026-01-13,,1.215052401686947
2026-01-14,,1.206063420150552
2026-01-15,,1.2060852180982602
2026-01-16,,1.2011052550442278
2026-01-19,,1.2032934540059133
2026-01-20,,1.1859813237157577
2026-01-21,,1.1778830308428825
2026-01-22,,1.180964694486909
2026-01-23,,1.1834665121652104
2026-01-26,,1.1845176775565136
